{"keymap_db_version":18,"app_version":95,"keymap_list":[{"actionList":[{"data":"131","extras":[],"flags":4,"type":"KEY_EVENT","uid":"0a780092-f907-460b-84eb-e347c66a600b"}],"constraintList":[],"constraintMode":1,"flags":0,"id":1,"isEnabled":true,"trigger":{"extras":[],"flags":0,"keys":[{"clickType":0,"deviceId":"io.github.sds100.keymapper.THIS_DEVICE","flags":0,"keyCode":24,"uid":"52bbb867-ef91-4231-a837-5567659f883d"}],"mode":2},"uid":"63448900-90c6-4b2a-a204-4e24ba665edc"},{"actionList":[{"data":"61","extras":[],"flags":4,"type":"KEY_EVENT","uid":"da073fbc-e390-4be4-88df-0372e8ded4d3"}],"constraintList":[],"constraintMode":1,"flags":0,"id":2,"isEnabled":true,"trigger":{"extras":[],"flags":0,"keys":[{"clickType":0,"deviceId":"io.github.sds100.keymapper.THIS_DEVICE","flags":0,"keyCode":25,"uid":"67cfe47d-9bfc-4d64-bca4-342e85acb49b"}],"mode":2},"uid":"08e67ae9-0597-4f1c-8305-6fe484689759"}]}